number,title,type,created_at,resolution_days,yearmonth
65685,"BUG: Index.where(..., Index) fails on 3.1.0 but works on 3.0.3",bug,2026-05-19 13:39:44+00:00,2.04,2026-05
65684,ENH: Add `df.corrupt()` accessor to inject random faults and typos for Data Science education,other,2026-05-19 06:52:43+00:00,0.55,2026-05
65553,ENH: Improve missing column KeyError message in DataFrame access,other,2026-05-09 11:18:01+00:00,0.21,2026-05
65550,BUG:  `groupby` cumprod/cummin/cummax returns `Float64` for nullable integers when group key contains `NA`,bug,2026-05-08 22:56:54+00:00,6.53,2026-05
65518,BUG: Conversion from np.ma.masked_array to pd.array does not preserve missing values,bug,2026-05-08 01:11:36+00:00,0.26,2026-05
65472,DOC: Missing docstring for enable_data_resource_formatter in printing module,other,2026-05-05 17:33:36+00:00,0.94,2026-05
65469,BUG: regression in nightlies: `Index.str.findall` crashes,other,2026-05-05 13:45:27+00:00,16.23,2026-05
65462,DEP: update of fsspec 2026.4 broke compressed csv reading,other,2026-05-04 13:29:58+00:00,1.13,2026-05
65380,PERF: skip to_datetime cache=True overhead for input shapes where it cannot help,other,2026-04-27 17:21:00+00:00,11.16,2026-04
65375,BUG:  Index `&` operator performs bitwise AND instead of set intersection for int64 dtype in v2.2.3,other,2026-04-27 03:50:22+00:00,0.29,2026-04
65369,"DOC: `to_numeric` ""Returns"" is missing Index and scalars, may have other problems",other,2026-04-25 23:30:58+00:00,9.92,2026-04
65361,ENH: Introduce SECURITY.md,other,2026-04-24 15:03:57+00:00,4.27,2026-04
65357,"BUG: df.query() returning an empty dataframe on this condition - col1 in (col2, col3)",bug,2026-04-24 08:53:11+00:00,9.21,2026-04
65333,BUG: Series.combine_first fails when names are of type Timestamp,bug,2026-04-22 14:13:57+00:00,10.96,2026-04
65315,BUG: DataFrame/Series.rename silently downcasts nullable index/column dtypes to NumPy dtypes,bug,2026-04-21 02:26:55+00:00,8.25,2026-04
65227,"BUG: [REGRESSION] to_csv cannot handle FloatingArrays with np.nan, even with distinguish_nan_and_na=True",bug,2026-04-14 21:35:19+00:00,6.76,2026-04
65226,CI regression: Doc Build and pre-commit jobs failing across multiple PRs,other,2026-04-14 18:16:16+00:00,0.9,2026-04
65223,BUG: 1-element pd.NA boolean arrays are all() but not any(),other,2026-04-14 16:34:06+00:00,0.2,2026-04
65220,BUG: `operation 'add' not supported for dtype 'string[pyarrow]' with dtype 'str'`,bug,2026-04-14 09:45:48+00:00,2.41,2026-04
65218,"BUG: `DataFrame.agg([...], numeric_only=True)` returns `NaN` for non-numeric columns instead of excluding them",bug,2026-04-13 23:48:06+00:00,16.07,2026-04
65213,BUILD: meson.build fails in Pandas 2.3.1 as of earlier today due to meson 1.11 update,other,2026-04-13 18:49:19+00:00,0.15,2026-04
65210,API: Index.take discards fill_value and raises unnecessarily,bug,2026-04-13 17:28:10+00:00,14.14,2026-04
65190,ENH: Simplify reading vertically stacked CSV tables,other,2026-04-12 13:48:48+00:00,0.04,2026-04
65160,PERF: Specify `how` when calling `merge._factorize_keys` when possible,other,2026-04-10 22:35:32+00:00,18.07,2026-04
65150,BUG: pd.to_timedelta ignores unit value for certain float values,other,2026-04-10 13:25:48+00:00,10.29,2026-04
65140,"BUG: `groupby(..., as_index=False)[col].ohlc()` returns group keys in the index",bug,2026-04-09 22:54:16+00:00,0.99,2026-04
65122,ENH: Add DataFrame.memory_report() for actionable dtype optimization suggestions,other,2026-04-08 14:35:08+00:00,1.16,2026-04
65100,BUG: `GroupBy.any()`/`all()` on NumPy `bool` columns return `NaN` for empty groups and upcast to `float64` instead of `bool`,bug,2026-04-06 19:36:19+00:00,0.75,2026-04
65068,DOC: Typo in the webpage docs/getting_started/intro_tutorials/09_timeseries.html,other,2026-04-04 13:38:42+00:00,0.14,2026-04
65047,ENH/BUG: Utilize `_values_for_json` in `Series.to_json`,other,2026-04-03 03:26:47+00:00,55.41,2026-04
65003,"PERF: DataFrame row-wise .loc assignment is much slower with string_storage=""pyarrow"" than ""python""",other,2026-04-02 13:05:00+00:00,7.21,2026-04
65000,"BUG: `na_rep=""""` in `DataFrame.to_csv` not applied consistently",bug,2026-04-02 08:41:22+00:00,0.03,2026-04
64994,DOC: Clarify Series index alignment in DataFrame.assign,other,2026-04-01 21:50:14+00:00,34.79,2026-04
64978,BUG: read_parquet fails with tz aware data,bug,2026-04-01 12:19:42+00:00,9.19,2026-04
64968,BUG: pyarrow-backed string dtype addition with missing value scalar fails,bug,2026-03-31 18:52:08+00:00,15.75,2026-03
64941,"BUG: `str.replace("""", """")` sometimes hangs up the console",bug,2026-03-31 08:45:09+00:00,28.27,2026-03
64888,BUILD: Update Pandas on Skills Network,other,2026-03-27 08:33:54+00:00,0.3,2026-03
64883,PERF: sort_index on RangeIndex with level= copies data blocks unnecessarily,other,2026-03-26 17:52:58+00:00,25.97,2026-03
64866,DOC: bool vs int in object-dtype methods,other,2026-03-26 00:39:12+00:00,21.79,2026-03
64844,BUG: numpy array type is not being respected in `Index` constructor,other,2026-03-25 18:13:15+00:00,48.97,2026-03
64841,"ENH: add method=""time"" to .reindex() to interpolate timeseries to different DatetimeIndex",other,2026-03-25 16:03:22+00:00,0.27,2026-03
64834,BUG: bdate_range returns one less days when end and periods are given,other,2026-03-24 23:44:58+00:00,30.37,2026-03
64828,BUG: Timedelta.round() raises ZeroDivisionError when internal unit is 's' and target frequency is sub-second,other,2026-03-24 19:00:20+00:00,16.94,2026-03
64819,BUG: DataFrames with backwards time index cannot be plotted,other,2026-03-24 05:16:52+00:00,7.51,2026-03
64750,DOC: `[source]` links are incorrect,other,2026-03-21 15:43:10+00:00,9.76,2026-03
64749,BUG: can no longer use `__getitem__` on `np.True_` column with `True`,other,2026-03-21 14:49:46+00:00,4.41,2026-03
64747,QST: كيف احصل على بيانات الاسهم من ياهو فايننس على اكسل,other,2026-03-21 10:31:04+00:00,0.45,2026-03
64744,Pandas dataframe does not initialize,bug,2026-03-21 00:21:45+00:00,0.65,2026-03
64738,ENH: Add coerce errors functionality to pandas.Series.apply,other,2026-03-20 14:21:34+00:00,0.07,2026-03
64737,BUG: case_when() does return default string type,bug,2026-03-20 11:44:33+00:00,0.03,2026-03
64730,BLD|CI: Failing to Build Wheels on macosx_x86_64,other,2026-03-19 22:43:08+00:00,0.8,2026-03
64713,BUG:,bug,2026-03-19 15:04:13+00:00,0.03,2026-03
64707,DIST: Include Vendored Licenses in Wheel,other,2026-03-19 12:39:33+00:00,1.25,2026-03
64704,convert_dtypes corrupts column shape on sliced DataFrame with mixed dtypes,other,2026-03-19 11:29:46+00:00,0.22,2026-03
64702,BUG: Wrong dataframe data after `convert_dtypes`,bug,2026-03-19 10:11:31+00:00,1.7,2026-03
64681,DOC: incomplete sentence in Styler docstring,other,2026-03-18 08:59:15+00:00,1.68,2026-03
64657,BUG: DataFrame.sum() crashes on empty DataFrame with string + numeric columns,bug,2026-03-17 14:37:56+00:00,13.01,2026-03
64656,BUG:,bug,2026-03-17 14:35:16+00:00,0.0,2026-03
64655,"BUG: C engine of `read_csv` converts `1 ,` to an integer",bug,2026-03-17 13:56:52+00:00,41.98,2026-03
64635,BUG: mask(inplace=True) gives where() results in EA recursive path,other,2026-03-16 21:28:09+00:00,9.73,2026-03
64633,DOC: missing redirect for moved docs,other,2026-03-16 20:02:08+00:00,0.51,2026-03
64627,ENH: Proposal for pd.col() for multi-column and regex column selection,other,2026-03-16 12:21:50+00:00,0.78,2026-03
64622,BUG/DOC: Migration User Guide is missing (404),other,2026-03-15 22:33:19+00:00,31.71,2026-03
64604,BUG: Need to be able to specify location of legacy files for tests,bug,2026-03-15 16:29:06+00:00,32.14,2026-03
64597,"Deprecate `engine=""fastparquet""` in `pd.read_parquet`",other,2026-03-14 18:29:25+00:00,12.02,2026-03
64584,DOC: HTTP 522 when trying to load Pandas documentation website,other,2026-03-13 15:57:35+00:00,4.96,2026-03
64555,PERF: dates.apply(lambda x: 100 * x.year + x.month) in Stata writer can be vectorized,other,2026-03-12 06:01:52+00:00,7.13,2026-03
64546,BUG: Plotting with duplicate column names gives misleading error,bug,2026-03-12 01:06:31+00:00,10.73,2026-03
64524,BUG: `read_html` parses nested table incorrectly when using `html5lib` or `bs4` flavors,bug,2026-03-11 06:36:03+00:00,46.27,2026-03
64511,BUG: Assigning pd.NA to ArrowStringArray after 3-way slice concat silently corrupts other rows,bug,2026-03-10 21:31:44+00:00,0.55,2026-03
64460,DEPR: deprecate set_eng_float_format,other,2026-03-07 22:42:00+00:00,41.77,2026-03
64458,"DOC: Fix incorrect Sphinx cross references in older, whatsnew restructred text files.",other,2026-03-07 19:42:11+00:00,13.87,2026-03
64446,DOC: Public APIs missing from the API reference documentation,other,2026-03-07 07:05:59+00:00,0.49,2026-03
64428,BUG: `DataFrame.div()` ignores `axis`,bug,2026-03-06 17:37:05+00:00,9.74,2026-03
64426,Double braces used in docs in `read_csv`,other,2026-03-06 16:36:01+00:00,0.0,2026-03
64419,DOC: rendering bug - `{{ }}` shown instead of `{ }` across API documentation,other,2026-03-06 10:47:10+00:00,0.46,2026-03
64395,DEPR: float_precision in read_csv,other,2026-03-05 02:22:04+00:00,21.66,2026-03
64394,DOC: Example of a `dict` for the `dtype` argument is wrong,other,2026-03-04 20:36:43+00:00,1.74,2026-03
64393,BUG: error when summing string to `pa.large_string`-backed Series,bug,2026-03-04 15:21:11+00:00,50.45,2026-03
64383,BUG: DataFrame.sort_index does fails with `AssertionError`,bug,2026-03-03 13:14:42+00:00,23.15,2026-03
64381,DOC: Typo in Cheatsheet regarding df.dtypes,other,2026-03-03 10:14:05+00:00,6.28,2026-03
64363,PERF: datetime index getters functions are 10 times slower with ZoneInfo vs pytz timezone,other,2026-03-02 13:34:04+00:00,64.8,2026-03
64349,BUG: large memory allocation when attempting to convert an int/float dict of arrays into dataframe,other,2026-02-28 20:40:33+00:00,2.77,2026-02
64322,"BUG: Regression with interpolate: ""ValueError: window shape cannot be larger than input array shape""",other,2026-02-26 14:31:28+00:00,8.0,2026-02
64320,"BUG: Assigning pd.NA to StringDtype column causes ""Unknown error: Wrapping .. failed"" after pd.concat with PyArrow",bug,2026-02-26 11:00:23+00:00,12.97,2026-02
64315,Test Issue from API,other,2026-02-26 01:52:02+00:00,0.45,2026-02
64314,Test Issue from API,other,2026-02-26 01:50:10+00:00,0.45,2026-02
64313,Test Issue from API,other,2026-02-26 01:49:47+00:00,0.45,2026-02
64312,Test Issue from API,other,2026-02-26 01:49:30+00:00,0.45,2026-02
64310,BUG: HDFStore.select(where=...) silently returns empty DataFrame with datetime64[us] index,other,2026-02-25 20:24:11+00:00,1.76,2026-02
64303,PERF: DataFrame.describe() calls Series.reindex() N times instead of once,other,2026-02-25 07:22:50+00:00,0.6,2026-02
64281,BUG: test_dt64arr_cmp_arraylike_invalid[tzlocal] fails on Windows,bug,2026-02-23 08:35:59+00:00,91.17,2026-02
64271,BUG: `generate_version.py` line ending breaks build (WSL),bug,2026-02-22 00:56:05+00:00,0.0,2026-02
64267,BUG: Error message when using pd.col() and power operator ** in new expression syntax,bug,2026-02-21 19:06:04+00:00,1.95,2026-02
64263,Suggestion: link a RAG / LLM debugging checklist (WFGY Problem Map) in the docs,other,2026-02-21 15:25:23+00:00,0.26,2026-02
64250,PERF: object-dtype iloc setitem with datetimelike list-like indexers is slow on large arrays,other,2026-02-20 07:36:39+00:00,49.33,2026-02
64249,PERF: object-dtype iloc setitem with datetimelike list-like indexers is slow on large arrays,other,2026-02-20 07:26:48+00:00,0.0,2026-02
64240,BUG: Inconsistent handling of offsets in `to_timedelta`,bug,2026-02-19 15:56:21+00:00,37.07,2026-02
64229,PERF: loc/iloc setitem with list-of-lists unnecessarily round-trips through object array,other,2026-02-18 19:00:58+00:00,35.22,2026-02
64224,DOC: wrong source link for `pandas.DataFrame` because of __module__ changes,other,2026-02-18 15:12:07+00:00,70.73,2026-02
64223,DOC: source links not working: 404 on GitHub,other,2026-02-18 15:01:12+00:00,16.09,2026-02
64219,DOC: Pandas 3.0 blogpost has invalid str migration link,other,2026-02-18 11:24:28+00:00,0.18,2026-02
64214,DOC: Clarify deprecation and removal of Substitution and Appender classes,other,2026-02-18 06:43:40+00:00,0.47,2026-02
64208,BUG: test_assignment_not_inplace incorrectly xfailed due to wrong assertion,bug,2026-02-17 22:18:15+00:00,0.99,2026-02
64207,DEPR: Offset.name,other,2026-02-17 21:34:42+00:00,10.92,2026-02
64192,DOC: Version 3.0.0 has does not mention deprecation of non-keyword agruments in to_excel,other,2026-02-17 14:26:57+00:00,0.58,2026-02
64188,BUG: normalize_json no longer supports top-level missing entries,bug,2026-02-17 13:07:23+00:00,35.83,2026-02
64180,BUG: to_hdf on dataframe with string column failing with compression,bug,2026-02-17 07:57:56+00:00,37.48,2026-02
64172,DOC: Redundant and misspelled command in docs,other,2026-02-16 21:42:18+00:00,0.46,2026-02
64146,PERF: `DataFrame.merge(sort=False)` slow for unsorted single-key integer joins when other side is sorted/unique and range-like,other,2026-02-14 16:31:00+00:00,48.32,2026-02
64144,DOC:  Improve description on Series.case_when,other,2026-02-14 16:17:57+00:00,49.2,2026-02
64141,Not needed RuntimeWarning in to_datetime from dataframe with missing values,other,2026-02-14 15:10:46+00:00,20.29,2026-02
64129,BUG: unique().item() query no longer possible since unique() method no longer returns array,bug,2026-02-13 00:33:43+00:00,0.52,2026-02
64126,PERF: Avoid drop_duplicates(keep=False) in DataFrame.__getitem__ for single-column access,other,2026-02-12 19:48:41+00:00,3.98,2026-02
64123,BUG: Different result from str.find depending on dtype,bug,2026-02-12 00:14:15+00:00,46.56,2026-02
64094,DOC: explain the float_precision parameter,other,2026-02-09 15:33:58+00:00,45.11,2026-02
64070,ENH: add `pd.col` to `pd.DataFrame.case_when`,other,2026-02-08 03:15:41+00:00,34.59,2026-02
64069,"DOC: Broken external links in ""Debugging C extensions"" documentation",other,2026-02-07 16:57:51+00:00,3.25,2026-02
64060,"BUG: pandas 3.0.0 and pyarrow 21.0.0, pd.merge left join with 3 keys incorrectly matches a NaN key with a non-NaN value.",bug,2026-02-07 06:05:21+00:00,10.36,2026-02
64056,DOC: v2.3 source link goes to main branch,other,2026-02-06 17:39:54+00:00,4.61,2026-02
64055,BUG: pandas read_sas not working anymore,bug,2026-02-06 15:31:02+00:00,0.29,2026-02
64047,BUG: Reindexing with fill_value,bug,2026-02-05 21:41:01+00:00,0.02,2026-02
64044,BUG: pd.to_timedelta unit inconsistently handled,bug,2026-02-05 20:19:58+00:00,5.87,2026-02
64038,ENH: Allow merge to override columns,other,2026-02-05 13:41:49+00:00,3.95,2026-02
64037,BUG: wrong type nan values series,other,2026-02-05 13:11:29+00:00,0.12,2026-02
64028,DOC: Intersphinx references to common items break on latest docs,other,2026-02-04 18:30:51+00:00,40.11,2026-02
64011,"DOC: Code example includes Python REPL prompts (>>>), causing copy-paste errors",other,2026-02-03 19:41:34+00:00,0.03,2026-02
64007,BUG: Index is incorrectly de-serialised by fastparquet after mulitple parquets written to different io.BytesIO streams with DataFrame.to_parquet,bug,2026-02-03 14:19:08+00:00,101.54,2026-02
64006,"BUG: `pd.read_hdf` unable to retrieve a pd.Series with dtype as ""datetime64"" since v3.0.0",bug,2026-02-03 13:11:37+00:00,14.11,2026-02
64002,ENH: Refactor: centralize describe function selection,other,2026-02-03 07:08:44+00:00,5.13,2026-02
63993,BUG: `DataFrame.reindex` with multiple `columns` and a string `fill_value` raises `AssertionError` with `3.0.0`,bug,2026-02-02 20:19:05+00:00,8.59,2026-02
63991,"DOC: GroupBy API is showing under ""typing"" instead of ""groupby""",other,2026-02-02 18:19:50+00:00,0.13,2026-02
63990,"DOC: dev docs missing version, also banner",other,2026-02-02 17:58:35+00:00,6.7,2026-02
63967,PERF: Offset classes access private variables via properties instead of directly in offsets.pyx,other,2026-01-31 19:16:37+00:00,4.92,2026-01
63957,ENH: Allow `np.ndarray` in `check_result_array` for certain `dtype`,other,2026-01-31 00:52:03+00:00,16.92,2026-01
63939,BUG: unary operators not supported with `pd.col`,bug,2026-01-29 19:35:57+00:00,1.95,2026-01
63935,BUG: 3.0.0 Regression - can no longer shuffle `Series[string]` with numpy,bug,2026-01-29 11:57:45+00:00,11.22,2026-01
63921,BUG: import pandas ImportError: DLL load failed while importing base,bug,2026-01-28 21:31:18+00:00,0.01,2026-01
63920,BUG: groupby with observed=False assigns rows with NaN categorical keys to wrong groups,bug,2026-01-28 21:08:51+00:00,2.88,2026-01
63917,Pandas,other,2026-01-28 19:44:38+00:00,0.01,2026-01
63913,BUG: Cannot access groups when using `.groupby(dropna=False)`,bug,2026-01-28 13:52:55+00:00,0.38,2026-01
63903,"BUG: Pandas converts nullable int to float, even when this loses data",bug,2026-01-27 18:04:37+00:00,20.17,2026-01
63899,BUG: DataFrame derived from Index can mutate the Index,bug,2026-01-27 14:04:01+00:00,1.29,2026-01
63889,BUG: Handling of `None` column name in `from_records()` is now all-NaN instead of values,bug,2026-01-26 17:45:31+00:00,15.0,2026-01
63879,BUG: Conversion from numpy masked arrays to pandas array does not preserve missing values,bug,2026-01-26 07:01:05+00:00,21.63,2026-01
63876,BUG: AttributeError: 'ArrowStringArray' object has no attribute 'item',bug,2026-01-25 21:49:16+00:00,22.95,2026-01
63863,ENH: Data Entropy & Information Loss Tracking for DataFrame Transformations,other,2026-01-25 09:58:56+00:00,2.33,2026-01
63818,DOC: `DataFrame.stack()` should be updated for 3.0,other,2026-01-22 23:10:10+00:00,47.53,2026-01
63811,DOC: 3.0 release notes has an odd contributor issue,other,2026-01-22 14:54:13+00:00,1.15,2026-01
63810,DOC: add py:type reference targets to each entry in pandas.api.typing.aliases,other,2026-01-22 13:26:52+00:00,12.32,2026-01
63804,BUILD: Docs dependency fails on Python 3.14 due to outdated sphinx-theme-builder,other,2026-01-22 05:35:09+00:00,0.41,2026-01
63794,DOC: Typo in 3.0.0 release notes,other,2026-01-21 14:46:42+00:00,0.04,2026-01
63790,BUG: sort_values() does not retain Name property of Dataframe,bug,2026-01-21 10:26:09+00:00,1.49,2026-01
63787,BUG: Inconsistent BOM handling in pd.read_csv with encoding='utf-8',bug,2026-01-21 07:51:36+00:00,39.55,2026-01
63774,BUG: `DataFrame.from_records` ignores exclude argument when `nrows=0`,bug,2026-01-20 15:06:53+00:00,50.03,2026-01
63767,DOC: suggestion for getting started guide on selecting data,other,2026-01-20 02:39:16+00:00,4.56,2026-01
63745,"ERR: better error message when doing `convert_dtypes(dtype_backend=""pyarrow"")` without pyarrow installed",bug,2026-01-18 23:41:14+00:00,58.86,2026-01
63742,PERF: Improve performance of named aggregations with no relabling,other,2026-01-18 18:54:15+00:00,14.04,2026-01
63739,BUG: str methods fail with regex backreferences on PyArrow dtype,bug,2026-01-18 17:51:09+00:00,2.15,2026-01
63738,BUG: Regex backreferences fail on PyArrow backend (RE2 limitation),other,2026-01-18 17:46:52+00:00,0.0,2026-01
63735,BUG: sort_values fails on columns with more than 2^18 entries,bug,2026-01-18 13:50:54+00:00,2.05,2026-01
63721,Cleanup: Add type: ignore comments for comparison-overlap in datetimes.py,other,2026-01-17 16:07:05+00:00,0.04,2026-01
63708,BUG: `pd.read_spss()` generates `attrs` that cause `DataFrame.to_parquet` to crash when generating JSON metadata.,bug,2026-01-16 14:57:29+00:00,0.11,2026-01
63701,BLD: fix all compile warnings and re-enable -Werror on CI,other,2026-01-15 16:32:41+00:00,94.91,2026-01
63687,ENH: `Timestamp.round`: officially accept `Timedelta` arguments,other,2026-01-14 19:41:18+00:00,103.26,2026-01
63686,BUG: mesonbuild versioning in environment.yml,bug,2026-01-14 18:15:39+00:00,0.92,2026-01
63685,BUG: data races when simultaneously reading data frames in multiple threads,bug,2026-01-14 17:35:21+00:00,25.03,2026-01
63681,BUG: ExcelWriter can't use ISFORMULA in conditional formatting,bug,2026-01-14 11:21:28+00:00,0.16,2026-01
63650,BUG: pd.to_numeric Segmentation fault,bug,2026-01-12 08:24:36+00:00,59.33,2026-01
63649,DOC: Clarification needed on free-threaded (3.14t) Windows wheel availability in 2.3.3 release notes,other,2026-01-12 07:23:24+00:00,1.12,2026-01
63640,BUG: Missing explicit libm dependency in meson.build causes undefined symbol errors,bug,2026-01-11 04:53:40+00:00,23.9,2026-01
63636,"ENH: Create `.rdiff()`, like `.diff()` but reversed, like `.rsub()` and `.sub()`",other,2026-01-10 21:40:09+00:00,0.67,2026-01
63630,BUG: Reading from CSV files with mixed numbers and letters leads to Segmentation Fault,bug,2026-01-10 09:11:54+00:00,14.24,2026-01
63604,"BUG:  DataFrame from an array of dictionaries, has missing columns",bug,2026-01-07 13:14:19+00:00,0.01,2026-01
63603,"ENH: stock_board_industry_name_em() be better,if add two items.",other,2026-01-07 12:30:22+00:00,0.21,2026-01
63599,ENH: read_csv raises ParserError or hangs on certain malformed inputs,other,2026-01-06 22:58:25+00:00,2.94,2026-01
63581,BUG: iloc[0] raises ValueError with SparseArray column and numpy array column,bug,2026-01-06 01:07:20+00:00,67.68,2026-01
63567,"BUG: `pd.array([float(""nan"")], str)` does not convert to `pd.NA`",bug,2026-01-04 11:15:30+00:00,0.18,2026-01
63557,ENH: Add .center() method to DataFrame/Series for inspecting middle rows.,other,2026-01-03 06:36:14+00:00,0.27,2026-01
63555,DOC: Fix SA01 for pandas.StringDtype.na_value,other,2026-01-03 06:22:24+00:00,0.28,2026-01
63553,"DOC: Fix SA01,ES01,PR07 for pandas.util.hash_pandas_object",other,2026-01-03 05:53:42+00:00,0.3,2026-01
63551,ENH: Decay-weighted rolling aggregations with defined behavior for duplicate timestamps,other,2026-01-03 02:32:57+00:00,27.7,2026-01
63540,"DOC: Fix SA01,EX01 for pandas.DataFrame.from_arrow",other,2026-01-02 10:42:19+00:00,1.1,2026-01
63521,BUG: comparison of categoricals with NA,bug,2025-12-31 11:01:37+00:00,0.13,2025-12
63518,BUG: pd.Grouper converts PyArrow timestamp to numpy datetime64,bug,2025-12-31 02:09:34+00:00,1.72,2025-12
63489,ENH: drop function should take kwarg rows,other,2025-12-26 23:06:58+00:00,0.59,2025-12
63484,BUG: pd.api.types.pandas_dtype raise different exception with numpy=2.4.0,bug,2025-12-25 12:38:52+00:00,7.81,2025-12
63477,QST: Error while building document,other,2025-12-24 03:33:23+00:00,136.52,2025-12
63476,ENH: Add an opt in operation report for time memory and copy behavior,other,2025-12-23 23:03:14+00:00,27.78,2025-12
63475,ENH: Sampling a contiguous block from a DF,other,2025-12-23 20:48:01+00:00,79.01,2025-12
63459,API: comparing time series with index of different unit should work,other,2025-12-22 13:59:47+00:00,21.39,2025-12
63444,BUG: Rounding of an empty Series should return empty Series,other,2025-12-21 00:17:14+00:00,16.1,2025-12
63442,API: read_json should follow general default of microseconds,other,2025-12-20 21:23:15+00:00,29.06,2025-12
63437,BUG: 3.0.0rc1 sdist fails tests with `--no-strict-data-files`,bug,2025-12-20 08:01:21+00:00,0.52,2025-12
63430,BLD: Windows nightlies are missing from scientific-python-nightly-wheels,other,2025-12-19 11:28:59+00:00,0.27,2025-12
63429,BUG: `NotImplementedError: eq not implemented for <class 'range'>` when comparing `columns` and `range` in pandas 3.0.0rc0 with pyarrow,bug,2025-12-19 09:04:19+00:00,43.4,2025-12
63428,DOC: Add Chinese version of README (README_zh.md),other,2025-12-19 06:01:33+00:00,1.42,2025-12
63420,BUG: Failing to set list of `pd.NaT` on column of dataframe of type datetime64[us],other,2025-12-19 01:25:36+00:00,17.88,2025-12
63419,BUG: pd.to_datetime with low-reso unit and high-reso origin,bug,2025-12-19 00:20:40+00:00,140.79,2025-12
63418,ENH: Add read/write support for the Vortex columnar format,other,2025-12-18 23:51:55+00:00,89.14,2025-12
63415,DOC: Show source link in documentation appears broken,other,2025-12-18 16:23:41+00:00,0.86,2025-12
63412,BUG: regresssion in 3.0rc: cannot save df with MultiIndex to HDF,other,2025-12-18 11:29:51+00:00,0.3,2025-12
63404,"BUG: `Series([], dtype=""datetime/timedelta64[non-nano]"").quantile()` raises instead of returning NaT",bug,2025-12-18 00:29:21+00:00,0.95,2025-12
63399,BUG: pandas copy_on_write mode deprecation warning points to `contextlib` module,bug,2025-12-17 16:13:44+00:00,0.04,2025-12
63396,Constructor with invalid unicode: automatically fall back to object dtype?,other,2025-12-17 12:27:37+00:00,37.24,2025-12
63391,REGR: RangeIndex __getitem__ filtering with boolean extension array of length 1,other,2025-12-17 09:09:36+00:00,0.57,2025-12
63388,API: copy np.ndarray inputs to Index subclass constructors by default,other,2025-12-16 21:17:41+00:00,1.94,2025-12
63385,BUG: string replace results in invalid regular expression: invalid perl operator: (?<=,other,2025-12-16 15:43:47+00:00,35.78,2025-12
63378,DOC: the type of `name` in `bdate_range` should be `Hashable`,other,2025-12-16 10:38:15+00:00,0.36,2025-12
63377,"DOC: the default value of `duplicates` in `cut` should be `""raise""`",other,2025-12-16 10:28:33+00:00,0.19,2025-12
63376,DOC: the default value of `engine` argument in `eval` should be `None`,other,2025-12-16 08:43:12+00:00,6.18,2025-12
63375,Improve error messages for common mistakes,other,2025-12-16 04:34:38+00:00,0.55,2025-12
63373,ENH: Fixed-length strings in read_csv,other,2025-12-15 22:28:11+00:00,16.73,2025-12
63372,BUG: (pandas 3.0rc0) `.str.isdigit` regression for fractional powers,other,2025-12-15 20:59:10+00:00,0.05,2025-12
63322,BUG: pd.col does not support & for combining conditions in .loc,bug,2025-12-11 02:47:49+00:00,2.59,2025-12
63320,BUG: Division results in 0 values for large dfs with numpy==2.3.5,bug,2025-12-10 17:52:06+00:00,139.0,2025-12
63314,BUG: large pivot_table has incorrect output with Python 3.14,bug,2025-12-09 18:10:54+00:00,28.17,2025-12
63311,BUG: Inconsistent behavior for `step` with slice for label-based indexing,other,2025-12-09 17:12:19+00:00,5.04,2025-12
63306,BUG: Series stealing references from CategoricalIndex is invalid for read-only arrays,bug,2025-12-09 03:13:18+00:00,7.75,2025-12
63299,ENH: Persian date,other,2025-12-08 18:41:59+00:00,99.95,2025-12
63289,DOC: update the DataFrame.copy() docstring to current state with CoW,other,2025-12-07 13:09:50+00:00,36.11,2025-12
63287,ENH: Support expressions in `pd.qcut`,other,2025-12-06 21:10:07+00:00,16.87,2025-12
63280,"BUG:  `str` dtype does not return pyarrow boolean (`bool[pyarrow]`) output for elementwise checks (equality, etc.)",other,2025-12-05 23:47:24+00:00,0.59,2025-12
63279,DOC: Address other string types in Pandas 3 string migration guide,other,2025-12-05 23:07:19+00:00,8.68,2025-12
63278,"BUG: Period(distant_past_timestamp, freq=""us"")",bug,2025-12-05 22:52:35+00:00,24.99,2025-12
63272,BUG: pd.to_datetime behaves strange (unexpected change to ns precision),bug,2025-12-05 09:49:56+00:00,13.02,2025-12
63269,BUG: SUpport numpy 2.0 pls,bug,2025-12-05 01:23:41+00:00,0.46,2025-12
63264,BUG: pandas 3.0.0rc0 hard-requires `tzdata` Python package,bug,2025-12-04 17:17:22+00:00,14.94,2025-12
63262,BUG: `KeyError` in `Series.__getitem__` with datetime index and mixed unit slice in pandas 3.0.0rc0,bug,2025-12-04 15:47:32+00:00,4.11,2025-12
63258,DOC: Code example doesn't run as shown,other,2025-12-04 01:56:41+00:00,0.65,2025-12
63255,BUG: `pd.Series.where` incorrectly casts `<NA>` to float `NaN`,bug,2025-12-03 16:46:30+00:00,156.97,2025-12
63246,Panda 🐼,other,2025-12-02 00:38:13+00:00,0.0,2025-12
63245,Windows Free Thread,other,2025-12-01 19:14:10+00:00,0.01,2025-12
63243,BUG: Only 16 decimal places can be retained while reading values ​​with more than 16 decimal places from CSV files,bug,2025-12-01 15:18:34+00:00,120.05,2025-12
63242,BUG: validation merge arguments on/left_on/right_on/left_index/right_index needs improvement,bug,2025-12-01 15:16:12+00:00,3.9,2025-12
63240,"`gs://` URLs support in `read_feather()`, `read_pickle()` docs",other,2025-12-01 11:42:56+00:00,3.24,2025-12
63236,BUG/API: to_json with non-nano TimedeltaIndex,bug,2025-11-30 22:57:22+00:00,51.39,2025-11
63230,BUG: SettingWithCopyWarning is not shown with copy-on-write disabled,bug,2025-11-29 22:14:35+00:00,1.45,2025-11
63219,BUG: Inconsistent behavior with groupby and copy-on-write,bug,2025-11-27 09:59:24+00:00,7.33,2025-11
63218,BUG: Inconsisten nunique behavior with Intervals on latest nightly,bug,2025-11-27 09:01:08+00:00,8.36,2025-11
63213,BUG: Inconsistent str implementation for Timestamp with different units,bug,2025-11-26 17:32:33+00:00,0.0,2025-11
63209,DOC: `Index.putmask` can accept more than `np.ndarray[bool]` for `mask`,other,2025-11-26 14:38:20+00:00,5.18,2025-11
63205,BUG: Unexpected `TypeError` for subclasses of `np.ndarray` in `comparison_op`,bug,2025-11-26 01:21:52+00:00,68.04,2025-11
63194,BUG: option_context does not accept a dict,bug,2025-11-24 21:39:13+00:00,0.23,2025-11
63191,DOC: `name` in `Index.to_frame` is claimed to default to `index.name`,other,2025-11-24 15:50:39+00:00,85.93,2025-11
63189,"DOC: `Index.take` can have `axis=""index""`, in contrast to the claims `int` and `always 0`",other,2025-11-24 14:59:26+00:00,1.14,2025-11
63188,BUG: read_excel of to_excel not equal to original dataframe,bug,2025-11-24 11:00:50+00:00,0.68,2025-11
63180,BUG: Wrong Results for `Rolling.sem`,bug,2025-11-23 22:05:29+00:00,1.85,2025-11
63170,BUG: Arrow duration reduction consistency,bug,2025-11-21 21:04:16+00:00,44.94,2025-11
63169,BUG: Index.intersection returns reference instead of new instance,bug,2025-11-21 19:29:58+00:00,27.86,2025-11
63167,BUG: read_csv segmentation fault in version 2.3.3,bug,2025-11-21 11:39:43+00:00,116.55,2025-11
63161,ENH: GPU support on Apple hardware (MPS),other,2025-11-20 16:26:18+00:00,117.36,2025-11
63160,ENH: meson should detect gcc/clang if vswhere not available.. on windows. when installing from pip.,other,2025-11-20 15:02:38+00:00,152.1,2025-11
63156,BUG: groupby median() doesn't exclude NaT for datetime64 columns,bug,2025-11-19 18:51:21+00:00,0.17,2025-11
63155,ENH: make sorting algorithm options to `value_counts` and record it in the docs,other,2025-11-19 16:58:46+00:00,15.01,2025-11
63153,ENH: Add TOON (Token Object Oriented Notation) I/O Support,other,2025-11-19 16:34:08+00:00,118.35,2025-11
63144,DOC: Incorrect typing in `astype` for the `copy` argument,other,2025-11-18 16:00:36+00:00,181.22,2025-11
63141,CLN:  s variable in _init_dict,other,2025-11-18 07:56:05+00:00,0.61,2025-11
63140,"BUG: dateutil 2.9.x cannot load tzdata on systems without system zoneinfo (z/OS, AIX, some Unix variants)",bug,2025-11-18 05:27:33+00:00,0.14,2025-11
63138,ENH: Add DataFrame.to_toon() method for TOON serialization support,other,2025-11-17 18:14:56+00:00,0.84,2025-11
63128,BUG: undefined symbol when building Pandas with a custom python installation,bug,2025-11-16 15:37:05+00:00,7.4,2025-11
63120,"Possible redundant assertion `issubclass(type(a), type(a))`",other,2025-11-15 07:29:39+00:00,1.27,2025-11
63119,Redundant type checks and dead code requiring refactoring,other,2025-11-15 07:04:04+00:00,2.84,2025-11
63112,BUG: `pandas.array` works fine when 2-D array contains string,bug,2025-11-14 17:13:16+00:00,99.94,2025-11
63092,ENH: Add Native Support for Reading CoNLL Files in Pandas,other,2025-11-12 07:51:55+00:00,13.49,2025-11
63089,BUG: read_csv results in SIGSEGV,bug,2025-11-12 05:14:05+00:00,5.66,2025-11
63071,BUG: DataFrame.loc[] returns object type instead of float,bug,2025-11-11 04:15:34+00:00,140.85,2025-11
63068,DOC: Improve now() by adding examples,other,2025-11-10 21:59:36+00:00,18.63,2025-11
63061,BUG/ENH: `DataFrame.__eq__()` and `__ne__()` should return `bool`,other,2025-11-10 14:01:56+00:00,1.52,2025-11
63045,BUG: String categories are not quoted as expected,bug,2025-11-08 13:32:20+00:00,4.94,2025-11
63040,"not necessarily for this PR, but should we add an EA attribute specifying whether copy=False is ignored?  that way we could avoid overriding tests?",other,2025-11-08 02:29:29+00:00,161.61,2025-11
63027,ENH: Dataframe melt : the variable column should be typed as string,other,2025-11-07 14:55:59+00:00,0.16,2025-11
63019,BUG: pd.json_normalize has inconsistent validation for non-string keys - accepts integers in some parameter combinations but rejects in others,bug,2025-11-07 03:40:00+00:00,20.28,2025-11
62998,BUG: query column if values in list fails in Debian,bug,2025-11-05 13:23:33+00:00,1.36,2025-11
62990,BUG: Series.loc slicing raises KeyError unexpectedly,bug,2025-11-05 01:29:43+00:00,43.67,2025-11
62981,BUG: `item_from_zerodim` converts objects of subclasses of `ndarray` to `float`,bug,2025-11-04 16:13:48+00:00,10.06,2025-11
62974,### Prerequisites,other,2025-11-03 19:56:48+00:00,0.0,2025-11
62966,DOC: `Series.sum()` has examples that don't illustrate the actual results,other,2025-11-03 15:13:03+00:00,58.11,2025-11
62963,BUG: EngFormatter accuracy wrong,bug,2025-11-02 19:25:52+00:00,1.18,2025-11
62949,BUG: concat warning when joining with empty and columns have different dtype,bug,2025-11-01 12:22:51+00:00,9.23,2025-11
62946,BUG: `Rolling.skew` and `Rolling.kurt` return NaN for low-variance windows,bug,2025-11-01 01:48:42+00:00,132.78,2025-11
62940,"ENH: Add an option to ""nunique"" to skip columns that contain unhashable values",other,2025-10-31 17:41:14+00:00,2.89,2025-10
62923,DOC: `tolerance` in `Index.reindex` can be a `Sequence` at runtime,other,2025-10-30 20:52:36+00:00,0.83,2025-10
62919,DEPR: verify_integrity in DataFrame.set_index,other,2025-10-30 18:27:03+00:00,8.05,2025-10
62915,BUG: index.union fails at DST boundary,bug,2025-10-30 07:32:37+00:00,32.47,2025-10
62911,BUG: Type stub deleted for function that is not even officially deprecated,bug,2025-10-29 21:54:33+00:00,0.05,2025-10
62899,DOC: inconsistent default values in the initialiser for `RangeIndex`,other,2025-10-28 17:41:00+00:00,1.04,2025-10
62898,Missing manylinux wheels for nightly build,other,2025-10-28 17:17:57+00:00,42.12,2025-10
62897,"BUG: `Index.join` works when `other` is `Series`, giving `Index`",other,2025-10-28 17:11:18+00:00,7.1,2025-10
62888,"BUG: factorize with objects differentiate 0/1 from False, True",bug,2025-10-27 23:37:48+00:00,140.11,2025-10
62881,"BUG: pd.read_csv crashes when CSV contains ""2e06918610327a"" in version 2.3.3",bug,2025-10-27 20:03:51+00:00,0.06,2025-10
62878,BUG: Pyarrow numeric dtype fillna filled not null entry,bug,2025-10-27 11:05:01+00:00,0.97,2025-10
62870,ENH: Double-double arithmetic for precision operations with float64s,other,2025-10-26 20:08:02+00:00,142.0,2025-10
62864,BUG: Wrong skewness and kurtosis for degenerate distributions,bug,2025-10-26 17:57:26+00:00,138.11,2025-10
62849,BUG: bdate_range with cbh fails,bug,2025-10-25 21:54:48+00:00,8.74,2025-10
62846,BUG: Resampler.interpolate downcast keyword deprecated?,bug,2025-10-25 21:17:32+00:00,1.85,2025-10
62840,ENH: Make pd.to_datetime with format parameter more robust to dirty data,other,2025-10-25 15:09:16+00:00,32.23,2025-10
62838,BUG: ENH: Improve IntCastingNaNError message to suggest solutions for NaN in integer conversion,other,2025-10-25 12:59:18+00:00,14.2,2025-10
62829,BUG: json_normalize doesn't handle nan well when max_level=n,bug,2025-10-25 01:37:52+00:00,10.68,2025-10
62820,CI: Pyodide checks failing with NotImplemented error,other,2025-10-24 16:19:54+00:00,3.19,2025-10
62810,BUG: False positive ChainedAssignmentError in 3.14 (but not 3.13),bug,2025-10-23 20:31:48+00:00,0.04,2025-10
62807,DOC: read_excel dtype_backend  default or no default?,other,2025-10-23 09:22:22+00:00,0.16,2025-10
62800,BUG: dtype and NA mask not preserved when applying numpy ufuncs to an ArrowDtype Series,bug,2025-10-22 20:19:32+00:00,7.11,2025-10
62796,Improve missing dep error advice to include other package managers,other,2025-10-22 18:13:58+00:00,201.13,2025-10
62787,BUG: Enabling Copy on Write with DataFrame.replace Raises Exception with np.nan as replacement value,bug,2025-10-22 10:53:08+00:00,4.29,2025-10
62778,BUG: groupby.<reduction>(numeric_only=) does not validate non-bool arguments,bug,2025-10-21 21:13:18+00:00,5.97,2025-10
62771,fillna for np.float64(np.nan),other,2025-10-21 02:31:34+00:00,3.05,2025-10
62768,DOC: MultiIndex.swaplevel default argument values could use an explanation,other,2025-10-20 21:21:56+00:00,44.9,2025-10
62742,``validate``in ``merge`` should list out which rows are validating the condition,other,2025-10-18 22:53:52+00:00,6.78,2025-10
62740,BUG: `read_csv` is inconsistent with large exponent,bug,2025-10-18 21:47:13+00:00,2.92,2025-10
62739,BUG: reading space-delimited CSV file and skipping first row with double quote in it fails,bug,2025-10-18 17:52:57+00:00,16.8,2025-10
62736,Create `.editorconfig`,other,2025-10-18 13:21:15+00:00,10.23,2025-10
62733,ENH: `\centering` option for `DataFrame.to_latex()` method,other,2025-10-18 08:43:35+00:00,7.92,2025-10
62725,BUG: `resample` with `asfreq` ignores `origin` if the dataframe has a fixed frequency,bug,2025-10-17 11:16:32+00:00,18.25,2025-10
62724,BUG: `UnboundLocalError` when calling `pd.option_context` with an invalid key on the `main` branch,bug,2025-10-17 08:54:44+00:00,0.58,2025-10
62717,Consolidate decimal digit -> str functions in tokenizer.c,other,2025-10-16 20:02:23+00:00,152.02,2025-10
62716,DOC: Where can I find the Pandas 3.0.0 Release timeline,other,2025-10-16 18:29:37+00:00,0.1,2025-10
62712,BUG: `TimedeltaIndex` and `Index[timedelta]` behave differently upon `__rtruediv__`,bug,2025-10-16 12:34:10+00:00,7.37,2025-10
62711,BUG: pandera check fails with pandas `KeyError` on certain columns starting with version 2.3.3,bug,2025-10-16 09:11:01+00:00,3.17,2025-10
62710,BUG: Series with NA values are replaced with NaN when mapping over categorial data with a default providing dictionary,bug,2025-10-16 07:58:50+00:00,201.7,2025-10
62708,DOC: Explain how to load data in Google Colab,other,2025-10-16 02:35:43+00:00,73.7,2025-10
62705,BUG: Pivoting empty DataFrame fails with period-like dtypes,other,2025-10-15 21:58:05+00:00,21.78,2025-10
62701,Ruff format fails on test_query_eval.py ,other,2025-10-15 11:57:30+00:00,0.23,2025-10
62694,PERF: rolling std/var x100 slower in current dev version,other,2025-10-14 14:18:46+00:00,6.34,2025-10
62693,CLN: Use IndentPPDirectives AfterHash in clang-format,other,2025-10-14 14:10:25+00:00,80.02,2025-10
62690,There may be a problem in the Dockerfile provided in the root directory.,other,2025-10-14 11:07:26+00:00,15.6,2025-10
62679,"BUG: test_compression leaves ""pyarrow"" file behind",bug,2025-10-13 18:12:03+00:00,0.95,2025-10
62669,BUG: Calling SparseArray.cumsum leads to infinite recursion,bug,2025-10-12 18:04:18+00:00,49.01,2025-10
62660,"BUG: pd.read_csv() does not work on MacOS with file, but with StringIO",bug,2025-10-11 19:13:05+00:00,170.89,2025-10
62659,ENH: multi slice in loc,other,2025-10-11 16:19:22+00:00,209.99,2025-10
62653,BUG: Series.str.replace stopped working with regex groups,bug,2025-10-11 07:58:09+00:00,16.4,2025-10
62646,"DOC: Index.where(..., other) other could be a Series/Index but not documented as such",other,2025-10-10 19:58:47+00:00,22.03,2025-10
62637,BUG: Python 3.14 no-gil version cannot install pandas on Windows,bug,2025-10-09 09:47:10+00:00,0.36,2025-10
62629,CI: New python-dev build causes errors in test-cases,other,2025-10-08 19:28:10+00:00,5.06,2025-10
62622,BUG: boolean indexing gets different results during multiple runnings,bug,2025-10-08 09:46:15+00:00,0.0,2025-10
62617,BUG: incorrect string parsing leads to segfault,bug,2025-10-07 18:06:48+00:00,14.07,2025-10
62611,BUG: Drop duplicates bug when using pyarrow (version 21.0.0) backend,bug,2025-10-07 13:52:04+00:00,20.85,2025-10
62609,DOC: A small spelling mistake,other,2025-10-07 09:09:55+00:00,0.04,2025-10
62595,BUG: Multiplying a series of strings with a boolean different for arrow vs. python,bug,2025-10-06 00:04:32+00:00,10.01,2025-10
62590,"BUG: In main, `pd.Series(show_counts=False)` is broken",bug,2025-10-05 14:10:57+00:00,11.03,2025-10
62574,DOC: `class TextFileReader` not documented as a class,other,2025-10-04 09:16:18+00:00,206.41,2025-10
62562,DOC: check_array_indexer also accepts an int or a slice,other,2025-10-03 16:47:25+00:00,2.12,2025-10
62561,Remove take action from CI,other,2025-10-03 16:22:42+00:00,4.07,2025-10
62545,BUG: Some existing tests are now failing for latest `numexpr` version `2.13.`. Addition and Multiplication of Booleans no longer issues the expected warning,bug,2025-10-02 08:49:29+00:00,0.66,2025-10
62534,ENH: Add null percent in output of describe(),other,2025-10-01 16:39:22+00:00,0.02,2025-10
62531,BUG: Parsing a CSV file with string that looks like a number,bug,2025-10-01 09:52:35+00:00,1.42,2025-10
62524,BUG: Inconsistent runtime typing for Index[num] * list[timestamp],bug,2025-09-30 20:52:40+00:00,56.94,2025-09
62522,BUG: ArrowEA._cast_pointwise_result([Decimal(NaN)]),bug,2025-09-30 19:47:21+00:00,16.06,2025-09
62520,BUG: Regression in Series.pow with all-NA `double[pyarrow]` values in pandas 3.x,bug,2025-09-30 18:38:50+00:00,5.05,2025-09
62518,"BUG: Regression in `DataFrame.__setitem__` with DataFrame, Categorical  level of MultiIndex in pandas 3.x",bug,2025-09-30 16:51:26+00:00,1.99,2025-09
62517,"BUG: `DataFrame.add(Series, axis=0)` mis-broadcasts with numpy 2.3 on wide DataFrames",bug,2025-09-30 16:41:16+00:00,0.08,2025-09
62513,FutureWarning: DataFrameGroupBy.apply does not have a clear solution.,other,2025-09-30 00:24:45+00:00,1.04,2025-09
62506,BUG: `np.isnan` raises on pyarrow dtypes,bug,2025-09-29 18:42:19+00:00,212.58,2025-09
62501,BUG: Inconsistent behavior of Groupby with None values with filter,bug,2025-09-29 09:47:25+00:00,91.55,2025-09
62497,BUG: Merge_asof fails for unknow reason,other,2025-09-29 07:56:24+00:00,28.54,2025-09
62492,BUG: `pd.read_html()` is broken with beautifulsoup4 4.14.0,bug,2025-09-29 00:42:28+00:00,1.85,2025-09
62490,BUG: rolling().first() and rolling().last() don't work,bug,2025-09-28 21:04:59+00:00,0.04,2025-09
62488,PEP8 WIP,other,2025-09-28 18:04:51+00:00,0.05,2025-09
62472,BUG: FloatingArray.__setitem__ accepts FloatingArray as key,bug,2025-09-27 01:07:21+00:00,0.0,2025-09
62467,BUG: flex op with ExtensionArray and fill_value,bug,2025-09-26 18:13:46+00:00,30.99,2025-09
62462,BUG: cannot use index to set values in `.iloc` for `Int64[pyarrow]` Series,bug,2025-09-26 11:27:57+00:00,9.38,2025-09
62448,"BUG: NumpyEA[uint8].take([-1], allow_fill=True) nonsense result",bug,2025-09-25 15:09:49+00:00,109.13,2025-09
62443,BUG: Dataframe.aggregate has inconsistent behaviour for empty dataframe,bug,2025-09-25 06:56:41+00:00,1.19,2025-09
62442,DEPR: passing `ax` to plotting methods,other,2025-09-25 01:42:40+00:00,2.59,2025-09
62437,"DOC: Replace `@Appender`, `@Substitution`, `@doc` with inlined docstrings",other,2025-09-24 20:23:00+00:00,137.94,2025-09
62435,TST: Replace `ensure_clean` utility function with the `temp_file` pytest fixture,other,2025-09-24 17:53:31+00:00,93.04,2025-09
62434,"STY: Enforce Ruff rule B905, zip-without-explicit-strict",other,2025-09-24 17:44:44+00:00,132.05,2025-09
62429,BUG: Dockerfile doesn't install pandas directly,other,2025-09-24 11:29:04+00:00,44.27,2025-09
62421,BUG: Incorrect results for pandas.Series.var,bug,2025-09-23 12:22:16+00:00,184.44,2025-09
62382,BUG: Automatic transformation from int to bool with `read_excel`,bug,2025-09-19 13:55:38+00:00,0.03,2025-09
62377,ENH: add value_counts_with_normalization,other,2025-09-18 20:45:00+00:00,0.54,2025-09
62370,BUG: None in dtype=bool Series does not behave like 3-valued logic,bug,2025-09-18 06:49:57+00:00,1.4,2025-09
62358,DOC: Expand data table respresentation,other,2025-09-17 06:25:54+00:00,89.46,2025-09
62357,DOC: Ensure guides are linked from relevant API docs,other,2025-09-17 04:38:46+00:00,132.94,2025-09
62354,BUG: Imported floats from Stata do not round correctly,bug,2025-09-16 22:05:24+00:00,0.96,2025-09
62353,ENH: arithmetic between DatetimeArray / TimedeltaArray and list,other,2025-09-16 20:03:53+00:00,70.97,2025-09
62344,BUG: cast_pointwise_result with BooleanDtype and all-NA values,bug,2025-09-15 15:12:00+00:00,6.96,2025-09
62342,BUG: inconsistent comparison results when using PyArrow backend.,bug,2025-09-15 12:21:25+00:00,0.4,2025-09
62336,DOC: pandas.DataFrame.to_hdf missing data,other,2025-09-14 02:11:38+00:00,0.87,2025-09
62330,RLS: 2.3.3,other,2025-09-12 21:02:24+00:00,17.89,2025-09
62314,DOC: Clarify parentheses vs. brackets,other,2025-09-11 05:37:12+00:00,8.46,2025-09
62310,BUG: Addition/subtracting `pd.Timedelta` constructed from hour offset gives wrong results,bug,2025-09-10 10:01:31+00:00,2.26,2025-09
62309,PERF: `to_numpy` is >3 orders of magnitude slower on tz aware datetimes,other,2025-09-10 09:31:05+00:00,218.44,2025-09
62307,BUG: `to_datetime` inconsistant between Series & DataFrame with timestamps,bug,2025-09-10 08:39:54+00:00,6.53,2025-09
62306,ENH: add support for .ceil() and .floor() for series/frame,other,2025-09-10 02:40:05+00:00,0.0,2025-09
62303,BUG: Failed to build Pandas 2.1.x Docs,other,2025-09-09 13:35:08+00:00,143.33,2025-09
62287,ENH: Support `method` and `tolerance` kwargs in `Index.slice_indexer`,other,2025-09-07 15:02:37+00:00,9.28,2025-09
62277,BUG: DatetimeIndex.get_indexer(timestamp[pyarrow]),bug,2025-09-06 16:04:20+00:00,2.2,2025-09
62268,ENH: Make ExtensionDtype.numpy_dtype part of the interface?,other,2025-09-06 00:35:31+00:00,4.01,2025-09
62264,BUG: pd.json_normalize error when non-string keys are used in arguments,bug,2025-09-05 16:07:34+00:00,4.39,2025-09
62263,PERF: cache interleaved_dtype in fast_xs,other,2025-09-05 14:46:37+00:00,194.24,2025-09
62261,TRACKER: add support for Python 3.14,other,2025-09-05 13:22:06+00:00,138.0,2025-09
62260,BUG: Incorrect Future warning using a logical operation between two pyarrow boolean series,bug,2025-09-05 09:59:20+00:00,17.67,2025-09
62259,ERR: improve error message when specifying a previously-deprecated frequency alias,other,2025-09-05 09:25:46+00:00,30.45,2025-09
62244,PERF: `DataFrame.unstack()` and `DataFrame.pivot_table()` upcasting take up more memory than needed,other,2025-09-03 08:43:52+00:00,6.71,2025-09
62243,Where are the docs for idiots like me?,other,2025-09-03 05:09:40+00:00,0.57,2025-09
62240,BUG: str.match and str.contains behave inconsistently on compiled regexps (regression in 2.3.2 relative to 2.3.1),bug,2025-09-02 18:42:16+00:00,77.16,2025-09
62236,ENH: High-performance implementation function for appending rows to a dataframe,other,2025-09-02 12:45:17+00:00,0.15,2025-09
62233,BUG:,bug,2025-09-02 09:26:05+00:00,0.29,2025-09
62228,ENH: Add Support for Reading .conll Files in Pandas,other,2025-08-31 17:30:43+00:00,0.8,2025-08
62213,BUG: Using unstacking with `sort=False` after grouping with `sort=False` incorrectly shuffles data,bug,2025-08-29 07:58:26+00:00,3.19,2025-08
62206,ENH: keep the type option for keys in groupby,bug,2025-08-28 11:02:31+00:00,4.07,2025-08
62205,BUG: `record_prefix` ignored when `record_path` is empty,bug,2025-08-28 09:37:49+00:00,18.33,2025-08
62204,BUG: memory leak in to_json when converting DateTime values,bug,2025-08-27 19:09:25+00:00,0.94,2025-08
62202,Bug report,other,2025-08-27 16:50:41+00:00,0.02,2025-08
62196,"BUG: divmod(pd.NA, s) returns single Series instead of tuple",bug,2025-08-26 16:16:19+00:00,8.09,2025-08
62195,release wheel of v1.5.3 for python 3.12,other,2025-08-26 15:28:10+00:00,0.05,2025-08
62185,"DOC: NaT - ""alias of NaT""; NA - ""alias of <NA>""",other,2025-08-25 15:39:12+00:00,36.16,2025-08
62184,ENH:  Add DataFrame versioning extension for Git-like version control,other,2025-08-25 15:11:55+00:00,0.11,2025-08
62169,"BUG: Index.get_level_values() does not handle boolean, pd.NA, np.nan, or pd.NaT `level` correctly",bug,2025-08-21 23:52:04+00:00,211.05,2025-08
62168,">>> import warnings >>> warnings.filterwarnings(""ignore"", ""\nPyarrow"", DeprecationWarning) >>> import pandas",other,2025-08-21 23:01:31+00:00,0.06,2025-08
62167,1911902583,other,2025-08-21 23:00:13+00:00,0.06,2025-08
62164,REF: use _cast_pointwise_result in map,other,2025-08-21 14:13:42+00:00,238.09,2025-08
62161,DOC: date_range/timedelta_range confusing 3 out of 4 arguments note,other,2025-08-20 23:57:56+00:00,20.16,2025-08
62158,API: indexing dates-with-datetime64,bug,2025-08-20 22:07:16+00:00,232.76,2025-08
62157,BUG/API: comparison datetime64-vs-dates,bug,2025-08-20 22:02:13+00:00,34.12,2025-08
62150,BUG: Inconsistent behaviour when merging reset-ed MultiIndex dataframe,bug,2025-08-20 01:55:34+00:00,107.66,2025-08
62148,RLS: 2.3.2,other,2025-08-19 20:40:14+00:00,2.81,2025-08
62140,BUG: type error in `df.attrs.update()`,bug,2025-08-18 09:31:00+00:00,0.5,2025-08
62134,BUG: groupby.apply() drops _metadata from subclassed DataFrame,bug,2025-08-17 15:03:32+00:00,36.1,2025-08
62121,BUG: Addition of __set_module__ breaks PyCharm PyDev debugger functionalities,other,2025-08-15 09:36:01+00:00,26.13,2025-08
62119,PERF: Importing pandas_parser lib takes 50MB of memory,other,2025-08-15 09:14:07+00:00,1.21,2025-08
62107,`Documentation Improvement: Clarify setup steps and troubleshooting in CONTRIBUTING.md`,other,2025-08-14 17:30:30+00:00,1.87,2025-08
62106,Documentation Improvement: Clarify steps for setting up local development environment in CONTRIBUTING.md,other,2025-08-14 17:25:28+00:00,0.1,2025-08
62100,BUG: `tz_localize(None)` incorrectly converts timestamps when using `pyarrow` dtypes,bug,2025-08-13 01:34:44+00:00,1.06,2025-08
62094,"BUG: In main, TimedeltaIndex.shift() requires freq in the index, but it may not be available because it was computed",bug,2025-08-12 15:52:45+00:00,29.11,2025-08
62093,BUILD: Nightly wheel building failed for some platforms,other,2025-08-12 11:36:04+00:00,3.27,2025-08
62084,"BUG: Pandas to_datetime parsing error with ""May"" month",bug,2025-08-10 17:22:39+00:00,0.51,2025-08
62064,ENH: Persistent and Interoperable Accessors for NDFrame and Index (sliding window POC),other,2025-08-07 18:01:32+00:00,0.91,2025-08
62063,BUG: is_scalar(Enum) gives False,other,2025-08-07 16:02:45+00:00,70.17,2025-08
62061,DOC: There is an unreadable dark text on the dark background in the getting started page,other,2025-08-06 15:24:26+00:00,0.0,2025-08
62059,BUG: Inconsistent behavior of `MultiIndex.union` depending on duplicates and names,bug,2025-08-06 13:35:07+00:00,73.19,2025-08
62057,DOC: DataFrame.to_feather() does not accept *all* file-like objects,other,2025-08-06 12:44:29+00:00,0.38,2025-08
62056,ENH: pd.DataFrame.describe(): rename top to mode,other,2025-08-06 08:09:24+00:00,0.31,2025-08
62052,BUG: Pandas mean function fails on type pd.NA with axis=1 but not axis=0,bug,2025-08-05 23:13:56+00:00,0.0,2025-08
62048,API: Series[Float64] == False,bug,2025-08-05 15:35:11+00:00,0.46,2025-08
62047,BUG: failing when groupby on data containing bytes,bug,2025-08-05 15:23:14+00:00,0.44,2025-08
62036,BUG: rank with object dtype and small values,bug,2025-08-03 17:18:34+00:00,40.17,2025-08
62024,API: NaN vs NA in mixed reduction,bug,2025-08-02 15:38:02+00:00,239.1,2025-08
62010,"DOC: Series and DataFrame.reindex accepts Timedelta as tolerance, which is not documented",other,2025-07-31 09:23:06+00:00,4.93,2025-07
62004,"BUG: `IntervalArray.overlaps()` documents that it accepts another `IntervalArray`, but it is not implemented",other,2025-07-30 21:28:09+00:00,38.8,2025-07
61998,DOC: documenting pandas.MultIndex.argsort,other,2025-07-29 23:49:59+00:00,67.9,2025-07
61994,PERF: `pandas.DataFrame.stack` with `future_stack=True`,other,2025-07-29 15:20:05+00:00,0.06,2025-07
61993,BUG: Inconsistent `datetime` dtype based on how the dataframe gets initialized,bug,2025-07-29 14:24:21+00:00,2.03,2025-07
61992,"DOC: Point out difference in usage of ""str"" dtype in constructor and astype member",other,2025-07-29 09:24:33+00:00,21.72,2025-07
61991,"BUG: Python Package fails to load for some users, but not others.",bug,2025-07-29 08:57:34+00:00,0.97,2025-07
61986,DOC: Improve docstrings in utility functions in pandas/core/common.py (lines 176–210),other,2025-07-29 00:36:13+00:00,0.04,2025-07
61976,"BUG: infer_dtype returns ""mixed"" for complex and pd.NA mix",bug,2025-07-27 20:14:57+00:00,0.83,2025-07
61975,BUG: 'Sphinx parallel build error' when building docs locally prevents index.html creation,other,2025-07-27 18:12:58+00:00,8.91,2025-07
61968,DOC: code coverage app provided in documentation is invalid,other,2025-07-26 20:18:56+00:00,0.81,2025-07
61955,DOC: shift argument in `Series.shift()` is not used,other,2025-07-25 22:14:34+00:00,23.73,2025-07
61952,BUG: Using `Series.str.fullmatch()` and `Series.str.match()` with a compiled regex fails with arrow strings,bug,2025-07-25 17:43:38+00:00,19.53,2025-07
61948,BUG: Replacement fails after NA value with PyArrow-backed strings,bug,2025-07-25 14:28:33+00:00,0.16,2025-07
61944,DOC: Standardize noncompliant docstrings in pandas/io/html.py (flake8-docstrings),other,2025-07-25 02:59:21+00:00,45.9,2025-07
61942,BUG: Using `Series.str.contains()` with a compiled regex and arrow strings fails,bug,2025-07-24 22:44:11+00:00,20.4,2025-07
61940,BUG: Using `/` operator with a `Path` and `Series` of string dtype fails,other,2025-07-24 22:02:26+00:00,39.77,2025-07
61939,DOC: Docstring for BooleanDType inconsistent with the rest of repo,other,2025-07-24 21:27:51+00:00,102.64,2025-07
61935,"BUG: `assert_index_equal(CategoricalIndex, CategoricalIndex, check_categorical=True, exact=False)` raises TypeError instead of AssertionError",bug,2025-07-24 17:48:56+00:00,70.98,2025-07
61932,"BUG: Unexpected Code Segment Executed, Causing Logical Error",bug,2025-07-24 09:04:20+00:00,0.46,2025-07
61928,indexing with a `Categorical` of `Interval`s is inefficient,other,2025-07-23 09:10:02+00:00,235.4,2025-07
61927,DOC: Add tzdata to dependencies section in README,other,2025-07-23 03:11:10+00:00,2.56,2025-07
61926,BUG: Merge fails on pyarrow datetime columns,bug,2025-07-23 02:57:47+00:00,75.56,2025-07
61922,"BUG: `date_range` gives different output ends for fixed `end` and varying `start` when `freq=""B""`",bug,2025-07-22 10:30:51+00:00,0.41,2025-07
61918,QST: Global future flag,other,2025-07-21 20:55:32+00:00,0.02,2025-07
61917,BUG: `IntervalIndex.unique()` only contains the first interval if all interval borders are negative,bug,2025-07-21 16:29:54+00:00,127.19,2025-07
61916,"String dtype: backwards compatibility of selecting ""object"" vs ""str"" columns in `select_dtypes`",other,2025-07-21 13:24:05+00:00,90.28,2025-07
61915,BUG: Cannot interpret string dtype as a valid data type,other,2025-07-21 08:31:47+00:00,5.03,2025-07
61906,ENH: Make attributes saved by default,other,2025-07-19 10:03:08+00:00,1.71,2025-07
61903,DOC: Clarify to_numeric behavior for numeric dtypes,other,2025-07-19 06:39:17+00:00,2.59,2025-07
61898,BUG: `AttributeError` in `pd.eval()` when calling attribute after binary operation,bug,2025-07-18 16:08:05+00:00,0.0,2025-07
61890,Output formatting: the repr of the Categorical categories (quoted or unquoted strings?),other,2025-07-17 07:41:48+00:00,27.51,2025-07
61889,BUG: make to_json with JSON Table Schema work correctly with string dtype,bug,2025-07-17 07:30:55+00:00,9.16,2025-07
61888,ENH: Images embedded in cells. The DISPIMG function of WPS,other,2025-07-17 07:26:02+00:00,19.38,2025-07
61886,DOC: fix doctests for repr changes with the new string dtype,other,2025-07-17 07:06:43+00:00,9.42,2025-07
61873,BUG:float_precision type hints differ in release version from github and docs pandas==2.3.1,bug,2025-07-16 13:01:08+00:00,5.98,2025-07
61866,BUG:  Operations not implemented for non-1D ExtensionArrays ,bug,2025-07-15 19:55:29+00:00,30.11,2025-07
61863,BUG: describe(include=..) fails with unrelated error if provided data types are not present,bug,2025-07-15 14:09:59+00:00,82.34,2025-07
61862,BUG: DateOffset default temporal pattern does not work as expected with DST,bug,2025-07-15 14:02:55+00:00,253.55,2025-07
61861,BUG: pd.eval raises AttributeError: 'BinOp' object has no attribute 'value',bug,2025-07-15 08:32:29+00:00,0.01,2025-07
61860,"ENH: New method ""ends"" as a combination of “head” and ""tail""",other,2025-07-15 07:43:12+00:00,21.37,2025-07
61848,DOC: Series.__init__ doc incorrectly says dtype is ignored if data is a Series,other,2025-07-14 02:00:43+00:00,0.57,2025-07
61844,ENH: Backport free-threading support to 2.3,other,2025-07-13 11:45:27+00:00,247.53,2025-07
61841,"BUG: .rolling().mean() returns all NaNs on re-execution, despite .copy() use",bug,2025-07-12 23:36:26+00:00,73.72,2025-07
61837,BUG: read_csv() on_bad_lines callable does not raise ParserWarning when index_col is set,bug,2025-07-12 03:01:11+00:00,79.74,2025-07
61835,DOC: README.md link for issues specified for Docs and good first issue doesn't reference properly,other,2025-07-12 02:55:35+00:00,0.66,2025-07
61834,ENH: error message context.,other,2025-07-12 00:11:06+00:00,238.88,2025-07
61831,BUG: Intersection of Pandas Index Object is not working properly,bug,2025-07-11 09:57:14+00:00,0.24,2025-07
61829,ENH: Add a function like PYQT signal,other,2025-07-11 01:25:12+00:00,25.62,2025-07
61825,PERF: Brainstorming read_csv perf improvements,other,2025-07-10 16:32:15+00:00,282.28,2025-07
61824,BUG: `mask` in `test_mask_stringdtype` would always return the same result regardless of `cond`,bug,2025-07-10 13:32:51+00:00,1.13,2025-07
61823,BUG: drop doesn't recognise MultiIndexes,bug,2025-07-10 09:39:27+00:00,7.69,2025-07
61817,"To develop a machine learning model that accurately predicts house prices based on 
various features such as location, size, number of bedrooms, and other relevant factors.",other,2025-07-09 03:51:38+00:00,0.51,2025-07
61811,DOC: Lacking information on error type raised by pd.to_numeric,other,2025-07-08 08:46:42+00:00,8.32,2025-07
61809,BUG: Pandas Series with Xarray slow print time.,bug,2025-07-08 02:57:42+00:00,252.75,2025-07
61791,DOC: Improve text color in dark mode for tutorial navigation buttons,other,2025-07-07 04:28:05+00:00,0.37,2025-07
61788,"BUG: read_excel() converts the string ""None"" in an Excel file to ""NaN""",bug,2025-07-05 22:56:52+00:00,2.97,2025-07
61784,ENH: Add Coefficient of Variation to DataFrame.describe(),other,2025-07-05 19:51:00+00:00,2.07,2025-07
61783,PERF: Unnecessary string interning in read_csv?,other,2025-07-05 16:26:49+00:00,2.93,2025-07
61780,BUG: tz_localize(None) with Arrow timestamp,bug,2025-07-04 15:08:39+00:00,38.06,2025-07
61778,"BUG?: creating Categorical from pandas Index/Series with ""object"" dtype infers string",other,2025-07-04 10:15:04+00:00,112.29,2025-07
61775,API/BUG: different constructor behavior for numpy vs pyarrow dt64tzs,bug,2025-07-04 01:16:30+00:00,3.65,2025-07
61763,BUG: StringDtype objects from pandas <2.3.0 cannot be reliably unpickled in 2.3.0.,bug,2025-07-02 21:35:45+00:00,4.42,2025-07
61758,BUG: user expected pd.isna to be False for NaNs with Float64Dtype,bug,2025-07-02 04:19:28+00:00,270.58,2025-07
61753,BUG: Segmentation fault when misusing `VariableWindowIndexer.get_window_bounds`,bug,2025-07-01 12:09:36+00:00,1.19,2025-07
61746,CLN: references/tests for item_cache,other,2025-06-30 17:44:51+00:00,6.95,2025-06
61740,CI Failures due to new scipy and new numpydoc,other,2025-06-29 18:17:31+00:00,44.99,2025-06
61734,Removal of members from pandas-triage team,other,2025-06-29 00:42:58+00:00,86.7,2025-06
61733,DOC: Index.infer_objects is missing from docs,other,2025-06-28 18:12:20+00:00,1.96,2025-06
61731,ENH: Type support for variables in `DataFrame.query()`,other,2025-06-28 14:29:23+00:00,0.6,2025-06
61730,BUG: `read_csv()` : inconsistent dtype and content parsing.,bug,2025-06-28 10:24:36+00:00,21.23,2025-06
61728,BUG: AttributeError in pandas.core.algorithms.diff when passing non-numeric types,bug,2025-06-28 08:40:10+00:00,2.37,2025-06
61721,DOC: https://pandas.pydata.org/pandas-docs/version/2.3 does not work,other,2025-06-27 12:29:39+00:00,10.8,2025-06
61720,BUG: CI docstring-validation fails with AttributeError in numpydoc validate.py,bug,2025-06-27 10:00:20+00:00,0.57,2025-06
61715,BUG/API: floordiv by zero in Int64Dtype,bug,2025-06-26 22:26:46+00:00,0.14,2025-06
61713,BUG: Inconsitent behaviour for different backends due to nullable bool values,bug,2025-06-26 14:25:31+00:00,23.11,2025-06
61711,Writing data to mysql database using df.to_sql method gives exception,other,2025-06-26 10:10:16+00:00,318.53,2025-06
61709,"BUG: Index[Float64].insert(1, False) casts False to 0",bug,2025-06-26 02:47:49+00:00,271.57,2025-06
61691,Proposal: Add pd.check(df) utility function for quick dataset diagnostics,other,2025-06-23 07:49:28+00:00,65.44,2025-06
61690,DOC: The Slack invite link to join the Pandas Dev community is broken,other,2025-06-23 04:24:46+00:00,2.29,2025-06
61687,BUG: DataFrame.mul() corrupts data by setting values to zero,bug,2025-06-22 10:03:03+00:00,30.96,2025-06
61677,Incorrect rolling std() results on very large DataFrames,other,2025-06-18 14:50:29+00:00,280.48,2025-06
61675,BUG: DataFrame.join(other) raises InvalidIndexError if column index is CategoricalIndex,bug,2025-06-18 07:59:14+00:00,136.53,2025-06
61671,BUG: np.nan to datetime assertionerror when too large datetime given,bug,2025-06-16 15:43:04+00:00,291.05,2025-06
61669,ENH: Switch to trusted publishing for package upload to PyPI in CI,other,2025-06-16 12:56:12+00:00,96.77,2025-06
61665,ENH: Support for Orthodox Easter,other,2025-06-16 05:17:43+00:00,0.6,2025-06
61663,BUG: Incorrect guess_datetime_format response,bug,2025-06-15 20:46:06+00:00,0.92,2025-06
61662,DOC: Improve documentation for DataFrame.__setitem__ and .loc assignment from Series,other,2025-06-15 15:06:12+00:00,47.02,2025-06
61645,BUG: `Series.std` and `Series.var` give incorrect results for complex values.,bug,2025-06-13 09:27:37+00:00,3.32,2025-06
61643,BUG: replace value failed,bug,2025-06-13 03:08:09+00:00,53.59,2025-06
61636,BUG: Groupby aggregate coersion of outputs inconsistency for pyarrow dtypes,bug,2025-06-12 11:37:40+00:00,47.19,2025-06
61632,"DOC: warn about apply with raw=True, if function returns Optional[int]",other,2025-06-11 12:33:33+00:00,202.47,2025-06
61631,DOC: Description of pandas_datetime_exec function,other,2025-06-11 04:32:00+00:00,19.57,2025-06
61627,"BUG: the behavior of DataFrameGroupBy.apply(..., include_groups=True) breaks post-mortem debugging",bug,2025-06-10 20:00:05+00:00,50.25,2025-06
61626,DOC: Pandas contributor take limit,other,2025-06-10 19:38:27+00:00,11.65,2025-06
61622,BUG: CoW - eq not implemented for <class 'pandas.core.internals.blocks.ExtensionBlock'>,bug,2025-06-10 11:01:53+00:00,48.22,2025-06
61621,BUG: infer_dtype result for float with embedded pd.NA,bug,2025-06-10 09:15:31+00:00,31.41,2025-06
61618,Moving to PyArrow dtypes by default,other,2025-06-09 21:51:57+00:00,341.65,2025-06
61617,BUG: numpy_nullable NaNs do not round-trip through CSV,bug,2025-06-09 21:30:14+00:00,315.76,2025-06
61616,CI: New NumPy release breaking Numba in our CI,other,2025-06-09 19:28:13+00:00,126.06,2025-06
61610,BUG: `explode()` converts timestamps at millisecond resolution in DatetimeIndex to nanosecond resolution,bug,2025-06-08 18:02:53+00:00,3.19,2025-06
61598,BUG: Dangerous inconsistency: `~` operator changes behavior based on context outside a target.,other,2025-06-07 13:43:53+00:00,5.79,2025-06
61596,VOTE: Voting issue for PDEP-15: Reject adding PyArrow as a required dependency,other,2025-06-07 09:02:40+00:00,40.07,2025-06
61590,RLS: 2.3.1,other,2025-06-06 17:01:06+00:00,51.97,2025-06
61588,CI: Test pandas with numpy 1.26,other,2025-06-06 14:17:38+00:00,32.06,2025-06
61587,WEB: Add table of content for the Ecosystem page,other,2025-06-06 13:56:03+00:00,9.8,2025-06
61583,"BUG: StataWriter returns ascii error when length of string is < 2045, but encoded length is > 2045",bug,2025-06-06 10:14:19+00:00,24.33,2025-06
61581,BUG: pd.DataFrame.mul has not support fill_value?,bug,2025-06-06 06:15:20+00:00,298.72,2025-06
61579,"`pandas.__version__` is `2.3.0+4.g1dfc98e16a` in pandas 2.3.0 and python 3.9, not `2.3.0`",bug,2025-06-06 02:49:46+00:00,31.69,2025-06
61574,BUG: 2.3.0 didn't publish wheels for musl-aarch64 (arm),bug,2025-06-05 19:18:15+00:00,0.89,2025-06
61573,WEB: Test that our versions JSON is valid,other,2025-06-05 18:59:22+00:00,1.63,2025-06
61571,DOC: Version dropdown not working,other,2025-06-05 18:40:11+00:00,0.03,2025-06
61570,BUG: comparing strings of different dtypes errors in 2.3,bug,2025-06-05 17:57:17+00:00,26.94,2025-06
61566,BUILD: Installation issue on Mac with M1 Pro arm64 processor. pandas_parser.cpython-311-darwin.so is using x86_64 arch,other,2025-06-05 10:26:33+00:00,69.65,2025-06
61565,BUG: RecursionError when apply generic alias as a func,bug,2025-06-05 09:30:30+00:00,11.57,2025-06
61564,Failed to install pandas BUILD: 2.3.0 Windows,other,2025-06-05 04:41:38+00:00,0.51,2025-06
61563,Failed to install pandas==2.3.0 with Python 3.9,other,2025-06-05 04:11:02+00:00,1.33,2025-06
61559,Pandas DataFrame.query Code Injection (Unpatched),other,2025-06-04 18:45:13+00:00,0.26,2025-06
61557,BUG: regex match in compliance tests no longer match pytest expected inputs,other,2025-06-04 17:11:35+00:00,9.02,2025-06
61554,BUG: duplicated() raises error with singlton set as subset,bug,2025-06-04 08:57:11+00:00,7.37,2025-06
61538,usecols investigation for various I/O functions,other,2025-06-02 20:16:32+00:00,0.82,2025-06
61537,BUG: use of iloc with heterogeneous DataFrame sometimes performs undocumented conversions,bug,2025-06-02 18:59:10+00:00,319.16,2025-06
61535,ENH: read_csv tz option,other,2025-06-02 05:57:05+00:00,64.44,2025-06
61531,CI: Micromamba taking too long to resolve the environments in the CI,other,2025-06-01 14:08:04+00:00,12.02,2025-06
61523,"DOC: Official ""Cheat Sheet"" shows `as_type()` method, correct signature is `astype()`",other,2025-05-30 21:51:59+00:00,2.78,2025-05
61521,Misleading error message when PyTables is not installed,other,2025-05-30 19:08:09+00:00,30.96,2025-05
61516,BUG: DataFrame.sample weights not required to sum to less than 1,bug,2025-05-29 22:14:58+00:00,42.18,2025-05
61512,BUG: Cannot sort by columns named None,bug,2025-05-28 19:30:52+00:00,4.89,2025-05
61511,"DOC: Docker image provided on ""Debugging C extensions"" is out of date",other,2025-05-28 19:12:36+00:00,116.92,2025-05
61510,BUG: VSCode go to definition doesn't work with pandas.api.extensions.register_dataframe_accessor,bug,2025-05-28 15:04:19+00:00,5.06,2025-05
61509,BUG: margin for pivot_table is incorrect with NA column/index values,bug,2025-05-28 13:26:06+00:00,45.95,2025-05
61505,BUG: Mask changing value despite of no True return,bug,2025-05-27 16:19:19+00:00,0.02,2025-05
61503,BUG: Inconsistent returned objects when applying groupby aggregations,bug,2025-05-27 12:05:42+00:00,3.19,2025-05
61494,DOC: kwargs naming in pd.Series.interpolate,other,2025-05-25 19:20:56+00:00,0.0,2025-05
61485,BUG: zfill with pyarrow string,bug,2025-05-23 20:18:19+00:00,135.09,2025-05
61483,BUG: date_range behaviour is inconsistent when using inclusive=right,bug,2025-05-23 17:03:09+00:00,315.15,2025-05
61479,BUG: read_hdf() doesn't handle datetime64[ms] properly,bug,2025-05-22 12:34:28+00:00,1.2,2025-05
61478,BUG: to_latex does not escape % with percent formatter,bug,2025-05-22 12:02:17+00:00,8.27,2025-05
61475,BUG: More Indicative Error when pd.melt with duplicate columns,bug,2025-05-21 22:01:23+00:00,8.78,2025-05
61474,"BUG: dataframe.to_csv calls defauly numpy to_string function, resulting in",bug,2025-05-21 20:09:11+00:00,1.89,2025-05
61469,"BUG: pandas.pivot_table margins, dropna and observed parameters not producing expected result",bug,2025-05-21 08:58:05+00:00,31.24,2025-05
61466,BUG: Series.str.isdigit with pyarrow dtype doesn't honor unicode superscripts,bug,2025-05-20 20:25:32+00:00,127.84,2025-05
61462,BUILD: Provide wheel for Windows ARM64,other,2025-05-19 21:21:52+00:00,1.96,2025-05
61460,PERF: Slow Windows / Ubuntu Unit Tests during Status Checks,other,2025-05-19 13:37:43+00:00,14.12,2025-05
61456,PERF: Setting an item of incompatible dtype,other,2025-05-19 10:55:32+00:00,78.26,2025-05
61452,BUG: Compiler Flag Drift May Affect Pandas ABI Stability via Memory Assumptions,bug,2025-05-18 00:17:59+00:00,0.42,2025-05
61447,BUG: read_csv silently ignores out of bounds errors when parsing date columns,bug,2025-05-16 08:42:56+00:00,1.52,2025-05
61445,DOC: DataFrame.unstack should accept fill_value with more types than just int/str/dict,other,2025-05-16 00:12:57+00:00,3.66,2025-05
61444,BUG: DataFrame column assignment with pd.Timestamp leads to unexpected dtype and incorrect JSON output,bug,2025-05-15 07:58:40+00:00,2.55,2025-05
61443,BUG: `DataFrame` constructor not compatible with array-like classes that have a `'name'`  attribute,bug,2025-05-14 22:02:04+00:00,4.74,2025-05
61440,ENH: Broaden `dict` to `Mapping` as replace argument,other,2025-05-14 08:29:11+00:00,13.29,2025-05
61438,BUG:  ImportError: cannot import name 'NaN' from 'numpy' in squeeze_pro.py,bug,2025-05-14 02:50:31+00:00,0.56,2025-05
61432,"DOC: Series.name is just Hashable, but many column arguments require str",other,2025-05-12 15:45:47+00:00,8.25,2025-05
61428,DOC: Broken Link in IO Tools - HDF5 Data Description,other,2025-05-11 00:23:23+00:00,1.69,2025-05
61424,i want to develop one feature in pandas,other,2025-05-10 14:14:16+00:00,0.01,2025-05
61420,ENH: Add smart_groupby() method for automatic grouping by categorical columns and aggregating numerics,other,2025-05-09 13:27:40+00:00,5.23,2025-05
61419,BUILD: Missing Windows free-threading wheel,other,2025-05-09 12:40:24+00:00,1.08,2025-05
61417,ENH: The prompt message in the error does not bring any valid bug prompts,other,2025-05-09 09:16:39+00:00,367.25,2025-05
61416,"BUG: df.rolling.{std, skew, kurt} gives unexpected value",bug,2025-05-09 08:42:24+00:00,206.44,2025-05
61415,BUG: ImportError: cannot import name 'NaN' from 'numpy',bug,2025-05-09 07:40:07+00:00,0.41,2025-05
61412,DOC: Error in Getting started tutorials > How do I read and write tabular data?,other,2025-05-08 21:59:48+00:00,0.86,2025-05
61409,BUG: CVE-2020-13091,bug,2025-05-08 15:40:20+00:00,0.01,2025-05
61408,"DOC: axis argument for take says `None` is acceptable, but that is incorrect.",other,2025-05-08 13:54:54+00:00,0.36,2025-05
61407,BUG: to_csv() quotechar/escapechar behavior differs from csv module,bug,2025-05-08 13:40:42+00:00,22.12,2025-05
61405,DOC/ENH: Add full list of argument for DataFrame.query,other,2025-05-08 01:16:47+00:00,12.05,2025-05
61403,BUG: guess_datetime_format cannot infer iso 8601 format,bug,2025-05-07 09:41:27+00:00,0.31,2025-05
61402,BUG: Duplicate columns allowed on `merge` if originating from separate dataframes,bug,2025-05-07 08:50:02+00:00,30.22,2025-05
61395,BUG: pd.to_datetime failing to parse with exception error 01-Jun-2025 in sequence with 31-May-2025,bug,2025-05-03 14:04:02+00:00,0.05,2025-05
61392,DOC: Issue with the general expressiveness of the docs,other,2025-05-02 16:28:12+00:00,95.03,2025-05
61389,"BUG: Incorrect Parsing of Timestamps in pd.to_datetime with Series with format=""ISO8601""  and UTC=True",bug,2025-05-02 11:24:44+00:00,4.29,2025-05
61377,not able to see the content in the dark mode,other,2025-04-29 14:24:33+00:00,1.08,2025-04
61375,BUG: dot on Arrow Series produces a Numpy object result,bug,2025-04-29 14:11:39+00:00,0.09,2025-04
61368,BUG: Python 3.14 may not increment refcount,bug,2025-04-28 01:23:56+00:00,212.6,2025-04
61365,BUG: Constructing series with Timedelta object results in datetime series,bug,2025-04-27 16:06:33+00:00,325.04,2025-04
61362,QST: best way to extend/subclass pandas.DataFrame,other,2025-04-26 22:17:25+00:00,100.2,2025-04
61361,REGR: Fix signature of GroupBy.expanding,bug,2025-04-26 17:38:41+00:00,0.74,2025-04
61360,ENH: magic_case(),other,2025-04-26 07:05:56+00:00,0.46,2025-04
61357,DOC: change `tuples` param for MultiIndex.from_tuples from sequence to iterable,other,2025-04-25 23:07:36+00:00,383.73,2025-04
61356,BUG: `DataFrameGroupBy.groups` fails when Categorical indexer contains NaNs and `dropna=False`,bug,2025-04-25 20:46:45+00:00,2.83,2025-04
61350,ENH: th elements from Styler need the row scope,other,2025-04-24 18:23:37+00:00,0.03,2025-04
61347,Request for guidance on issues for upcoming PyData Yerevan pandas sprint,other,2025-04-24 12:34:24+00:00,122.03,2025-04
61346,BUG: assignment via loc silently fails with differing dtypes,bug,2025-04-23 18:48:39+00:00,2.73,2025-04
61344,BUG: Series of bools with length mismatch does not raise when used with `.iloc`,bug,2025-04-23 18:24:12+00:00,1.08,2025-04
61342,BUG: Concatenating data frames with `MultiIndex` with `datetime64[ms]` dtype introduces `NaT` values to the index,bug,2025-04-23 09:29:06+00:00,1.45,2025-04
61338,BUG: Period datatype data gets mangled up in pivoting operation,bug,2025-04-22 14:49:35+00:00,0.05,2025-04
61337,BUG: DataFrame.to_markdown exception when a cell has numpy.array type,bug,2025-04-22 10:40:03+00:00,317.45,2025-04
61336,ENH: IDEA  Introduce axis→0/axis→1 arrow aliases to disambiguate direction vs. label operations,other,2025-04-22 07:31:10+00:00,1.37,2025-04
61322,BUG: memory issues with `string[pyarrow]` after sorted `pd.merge`,bug,2025-04-20 18:16:32+00:00,383.91,2025-04
61319,ENH: grep-like select columns of a DataFrame by a part of their names,other,2025-04-20 14:10:10+00:00,1.07,2025-04
61318,ENH: inspect duplicate rows for columns that vary,other,2025-04-20 12:11:06+00:00,1.15,2025-04
61316,BUG: `.to_parquet` fails with `schema` for `string[pyarrow]` but not `string[python]`,bug,2025-04-20 04:47:56+00:00,384.47,2025-04
61312,BUG: duplicated() is reporting rows as duplicates when they aren't upon visual inspection.,bug,2025-04-19 20:18:24+00:00,0.03,2025-04
61311,BUG: ``'ArrowExtensionArray' object has no attribute 'max'`` when passing pyarrow-backed series to `.iloc`,bug,2025-04-19 19:08:44+00:00,107.93,2025-04
61310,BUG: no last function in window rolling,bug,2025-04-19 10:00:37+00:00,1.7,2025-04
61309,"BUG: to_latex, when escaped=True, doesn't escape columns name",bug,2025-04-19 09:43:14+00:00,0.12,2025-04
61305,50000,other,2025-04-18 00:56:25+00:00,0.63,2025-04
61304,ENH: Add Optional Schema Definitions to Enable IDE Autocompletion,other,2025-04-17 20:23:14+00:00,0.02,2025-04
61300,DOC: DataFrameGroupBy.filter documentation is misleading,other,2025-04-17 01:35:00+00:00,0.12,2025-04
61298,"I would like to join the pandas community, but the Slack link is broken and I cannot join.",other,2025-04-16 05:05:35+00:00,1.46,2025-04
61296,BUG: Underscores aren't escaped in LaTeX outputs,bug,2025-04-15 23:52:45+00:00,0.0,2025-04
61295,BUG: df.assign no longer works with multilevel columns,bug,2025-04-15 22:38:25+00:00,0.63,2025-04
61292,BUG: `values` argument ignored when also supplied to `index`/`columns` in `pivot_table`,bug,2025-04-15 16:18:14+00:00,8.23,2025-04
61290,ENH: read_xml() does not allow to specify huge_tree=True for the 'lxml' parser.,other,2025-04-14 23:25:47+00:00,389.68,2025-04
61281,ENH: preview_csv(***.csv) for Fast First-N-Line Preview on Large Plus Size (>100GB),other,2025-04-13 14:08:49+00:00,126.46,2025-04
61280,DOC: to_json for stream object,other,2025-04-12 16:35:16+00:00,1.89,2025-04
61277,WEB: Remove NumFOCUS and Coiled as sponsors,other,2025-04-12 13:03:38+00:00,1.11,2025-04
61276,BUG:FutureWarning for palette parameter without hue in faceted distributions,bug,2025-04-12 12:05:08+00:00,14.0,2025-04
61273,ENH: Add `tzdata` to the `_hard_dependencies`,other,2025-04-11 15:43:38+00:00,11.01,2025-04
61272,"BUILD: Error installing pandas 2.2.3 on AIX 7.3 system (error: conflicting types for lockf64, lseek64, ftruncate64..)",other,2025-04-11 14:00:12+00:00,5.78,2025-04
61270,BUG: Unexpected behavior change in DataFrame.min(axis=1) with numpy.array elements in pandas 2.2 vs pandas 1.1,bug,2025-04-11 10:55:24+00:00,2.23,2025-04
61269,BUG: pandas change in style overrides defaults format for other columns,other,2025-04-11 08:11:14+00:00,2.51,2025-04
61268,DOC: Add documentation for `groupby.ewm()`,other,2025-04-11 06:42:06+00:00,3.56,2025-04
61267,BUG: Inconsistent date resolution,bug,2025-04-10 22:29:16+00:00,2.58,2025-04
61260,API: Rename arg to func in Series.map for consistency,other,2025-04-09 17:47:36+00:00,4.81,2025-04
61254,DOC: Add documentation for groupby.expanding(),other,2025-04-08 12:36:06+00:00,6.42,2025-04
61253,BUG: Selecting the wrong first column,bug,2025-04-08 12:32:18+00:00,0.36,2025-04
61252,BUG: AttributeError: 'SparseArray' object has no attribute 'round',bug,2025-04-08 10:10:36+00:00,0.46,2025-04
61251,PERF: future_stack is too slow,other,2025-04-08 08:39:36+00:00,0.32,2025-04
61247,ENH: Functionality to aid with Database Imports,other,2025-04-07 19:46:37+00:00,356.31,2025-04
61242,No Windows free-threaded wheel available in scientific-python-nightly-wheels,other,2025-04-07 15:06:16+00:00,2.12,2025-04
61232,ENH: The method of obtaining a certain cell or slice of the dataframe is confusing and unclear,other,2025-04-04 16:27:25+00:00,123.0,2025-04
61231,BUG: PyArrow timestamp type does not work with map() function,bug,2025-04-04 15:34:54+00:00,157.22,2025-04
61230,"ENH: The row and column indexing mechanism of your dataframe is inefficient, leading to errors and unnecessary time consumption",other,2025-04-04 15:32:05+00:00,367.12,2025-04
61224,ENH: Implement loading and dumping to and from YAML,other,2025-04-03 11:30:41+00:00,0.15,2025-04
61222,"BUG: Index name lost when using ""resample"" with pyarrow dtypes",bug,2025-04-03 10:37:17+00:00,4.26,2025-04
61221,BUG: Exception with `unstack(sort=False)` and NA in index,bug,2025-04-03 00:54:08+00:00,165.77,2025-04
61218,QST: Should the absence of tzdata package affect the performance in any way ?,other,2025-04-02 15:53:10+00:00,125.05,2025-04
61217,BUG: unstack incorrectly reshuffles data when sort=False,bug,2025-04-02 14:12:08+00:00,0.53,2025-04
61213,BUG: DataFrame.corr clips values when cov=True,bug,2025-04-02 02:20:50+00:00,0.01,2025-04
61210,ENH: Add ignore_empty and ignore_all_na arguments to pd.concat,other,2025-04-01 16:11:39+00:00,351.04,2025-04
61208,BUG: OverflowError when fillna on DataFrame with a pd.Timestamp,bug,2025-03-31 15:19:29+00:00,14.07,2025-03
61206,BUG: round on object columns no longer raises a TypeError,bug,2025-03-31 08:18:12+00:00,50.68,2025-03
61196,BUG: `to_datetime()` warns unnecessarily that format cannot be inferred,bug,2025-03-28 21:49:48+00:00,0.61,2025-03
61194,ENH: adding a filter (and bold) to header when writing to excel,other,2025-03-28 17:13:59+00:00,235.34,2025-03
61191,BUG: Boolean selection edge case.,bug,2025-03-27 22:27:30+00:00,382.75,2025-03
61189,BUG: \0 null bytes in `str` not preserved in `pandas.CategoricalIndex` or `pandas.MultiIndex`,bug,2025-03-27 15:38:25+00:00,1.21,2025-03
61188,BUG: date comparison fails when series is all pd.NaT values,bug,2025-03-27 09:24:05+00:00,19.14,2025-03
61187,"BUG: DataFrame.min raises TypeError when column contains mixed types (e.g., np.nan and datetime)",bug,2025-03-27 03:16:47+00:00,3.96,2025-03
61186,BUG: engine calamine lost 0 when read_excel from vlookup cell,bug,2025-03-27 01:57:03+00:00,84.79,2025-03
61182,BUG: Negation of `.str.isnumeric()` changes `dtype` when `pd.NA` is present,bug,2025-03-26 16:35:55+00:00,8.72,2025-03
61179,BUG: replace with np.nan unexpectedly converts pd.Timestamp to pd.NaT,bug,2025-03-26 07:57:42+00:00,0.48,2025-03
61175,BUG: AttributeError on method call after binary operation in eval expression,bug,2025-03-25 10:14:20+00:00,6.28,2025-03
61172,BUG: pd.read_csv() on empty files should give an empty dataframe pd.DataFrame(),bug,2025-03-24 03:07:45+00:00,371.0,2025-03
61169,ENH: add destructor to HDFStore,other,2025-03-23 17:23:42+00:00,0.97,2025-03
61165,BUG: `datetime64[s]` fails round trip using `.to_parquet` and `read_parquet`,bug,2025-03-21 23:39:25+00:00,0.49,2025-03
61161,BUG: fails to plot 2 plots with secondary y axis when index type is PeriodIndex and plot kinds are different,bug,2025-03-21 19:34:07+00:00,27.86,2025-03
61160,ENH: Accept no fields for groupby by,other,2025-03-21 18:19:54+00:00,381.48,2025-03
61159,BUG: Faulty DatetimeIndex union,bug,2025-03-21 05:11:25+00:00,1.27,2025-03
61156,BUILD: Cython.Compiler.Errors: 'free_threading_config.pxi' not found,other,2025-03-20 17:59:23+00:00,300.78,2025-03
61155,BUG: Impossible creation of array with dtype=string,bug,2025-03-20 14:25:51+00:00,56.07,2025-03
61153,BUG: import pandas 2.2.3 on WSL 2.4.12.0 raises broken support for `numpy.longdouble` dtype warning,bug,2025-03-20 10:12:53+00:00,6.15,2025-03
61141,"BUG: astype transforms NA to ""NA""",bug,2025-03-17 20:26:18+00:00,1.67,2025-03
61140,BUG: `DataFrame.from_records()` ignores `columns` with iterator and `nrows=0`,bug,2025-03-17 18:13:09+00:00,147.11,2025-03
61139,DOC: Clarification on Python 3.13 support,other,2025-03-17 14:27:48+00:00,1.98,2025-03
61136,Issue Title Here,other,2025-03-17 07:55:45+00:00,0.0,2025-03
61135,Issue Title Here,other,2025-03-17 07:41:22+00:00,0.0,2025-03
61133,ENH: Adding some common functionalities,other,2025-03-16 13:12:18+00:00,1.14,2025-03
61126,DOC: Write user guide page on apply/map/transform methods,other,2025-03-15 04:03:22+00:00,64.64,2025-03
61124,ENH: fillna enhancement with method='nearest',other,2025-03-15 01:03:57+00:00,143.67,2025-03
61123,DOC: `read_excel` `nrows` parameter reads extra rows when tables are adjacent (no blank row),other,2025-03-14 21:30:43+00:00,4.96,2025-03
61122,BUG: ``Series.interpolate`` regression in latest Pandas 3.0.0 nightly (method 'linear' behaves like 'index'),bug,2025-03-14 16:52:42+00:00,15.05,2025-03
61120,BUG: .corr() values significantly higher than 1,bug,2025-03-14 13:05:53+00:00,11.17,2025-03
61113,BUG: `pivot_table` drops rows and columns despite values being non-`NaN`,other,2025-03-12 23:41:34+00:00,20.91,2025-03
61110,ENH: Automate reading of data in chunks,other,2025-03-12 06:58:57+00:00,146.4,2025-03
